number,episode,season,volume
1,1,1,1
2,2,1,1
3,3,1,1
4,4,1,1
5,5,1,1
6,6,1,1
7,7,1,1
8,1,2,1
9,2,2,1
10,3,2,1
11,4,2,1
12,5,2,1
13,6,2,1
14,7,2,1
15,8,2,1
16,9,2,1
17,10,2,1
18,11,2,1
19,12,2,1
20,13,2,1
21,14,2,1
22,15,2,1
23,16,2,1
24,17,2,1
25,18,2,1
26,19,2,1
27,20,2,1
28,21,2,1
29,1,3,2
30,2,3,2
31,3,3,2
32,4,3,2
33,5,3,2
34,6,3,2
35,7,3,2
36,8,3,2
37,9,3,2
38,10,3,2
39,11,3,2
40,12,3,2
41,13,3,2
42,14,3,2
43,15,3,2
44,16,3,2
45,17,3,2
46,18,3,2
47,19,3,2
48,20,3,2
49,21,3,2
50,22,3,2
51,1,4,3
52,2,4,3
53,3,4,3
54,4,4,3
55,5,4,3
56,6,4,3
57,7,4,3
58,8,4,3
59,9,4,3
60,10,4,3
61,11,4,3
62,12,4,3
63,13,4,3
64,14,4,4
65,15,4,4
66,16,4,4
67,17,4,4
68,18,4,4
69,19,4,4
70,20,4,4
71,21,4,4
72,22,4,4
73,23,4,4
74,24,4,4
75,25,4,4
76,26,4,4
77,27,4,4
78,28,4,5
79,29,4,5
80,30,4,5
81,1,5,6
82,2,5,6
83,3,5,6
84,4,5,6
85,5,5,6
86,6,5,6
87,7,5,6
88,8,5,6
89,9,5,6
90,10,5,6
91,11,5,6
92,12,5,6
93,13,5,6
94,14,5,8
95,15,5,8
96,16,5,8
97,17,5,8
98,18,5,8
99,1,6,7
100,2,6,8
101,3,6,8
102,4,6,8
103,5,6,8
104,6,6,8
105,7,6,8
106,8,6,8
107,9,6,9
108,10,6,9
109,11,6,9
110,12,6,9
111,1,7,9
112,2,7,9
113,3,7,9
114,4,7,9
115,5,7,9
116,6,7,9
117,7,7,9
118,8,7,9
119,9,7,9
120,10,7,10
121,11,7,10
122,12,7,10
123,13,7,10
124,14,7,10
125,15,7,10
126,16,7,10
127,1,8,10
128,2,8,10
129,3,8,10
130,4,8,10
131,5,8,10
132,6,8,10
133,7,8,10
134,8,8,10
135,9,8,11
136,10,8,11
137,11,8,11
138,12,8,11
139,13,8,11
140,14,8,11
141,15,8,11
142,16,8,11
143,17,8,11
144,18,8,11
145,19,8,11
146,20,8,12
147,21,8,11
148,1,9,11
149,2,9,11
150,3,9,11
151,4,9,13
152,5,9,13
153,6,9,13
154,7,9,13
155,8,9,13
156,9,9,13
157,10,9,13
158,11,9,13
159,12,9,13
160,13,9,13
161,14,9,13
162,15,9,13
163,16,9,13
164,17,9,13
165,18,9,14
166,1,10,15
167,2,10,15
168,3,10,15
169,4,10,15
170,5,10,15
171,6,10,15
172,7,10,15
173,8,10,15
174,9,10,15
175,10,10,15
176,11,10,15
177,12,10,15
178,13,10,15
179,14,10,15
180,15,10,15
181,16,10,15
182,17,10,15
183,18,10,15
184,19,10,15
185,20,10,15
186,21,10,15
187,22,10,15
188,23,10,15
189,1,11,16
190,2,11,16
191,3,11,16
192,4,11,16
193,5,11,16
194,6,11,16
195,7,11,16
196,8,11,16
197,9,11,16
198,10,11,16
199,11,11,16
200,12,11,16
201,13,11,16
202,14,11,16
203,15,11,16
204,16,11,16
205,17,11,16
206,18,11,16
207,19,11,16
208,20,11,16
209,21,11,16
210,22,11,16
211,1,12,17
212,2,12,17
213,3,12,17
214,4,12,17
215,5,12,17
216,6,12,17
217,7,12,17
218,8,12,17
219,9,12,17
220,10,12,17
221,11,12,17
222,12,12,17
223,13,12,17
224,14,12,17
225,15,12,17
226,16,12,17
227,17,12,17
228,18,12,17
229,19,12,17
230,20,12,17
231,21,12,17
232,1,13,18
233,2,13,18
234,3,13,18
235,4,13,18
236,5,13,18
237,6,13,18
238,7,13,18
239,8,13,18
240,9,13,18
241,10,13,18
242,11,13,18
243,12,13,18
244,13,13,18
245,14,13,18
246,15,13,18
247,16,13,18
248,17,13,18
249,18,13,18
250,1,14,19
251,2,14,19
252,3,14,19
253,4,14,19
254,5,14,19
255,6,14,19
256,7,14,19
257,8,14,19
258,9,14,19
259,10,14,19
260,11,14,19
261,12,14,19
262,13,14,19
263,14,14,19
264,15,14,19
265,16,14,19
266,17,14,19
267,18,14,19
268,19,14,19
269,20,14,19
270,1,15,20
271,2,15,20
272,3,15,20
273,4,15,20
274,5,15,20
275,6,15,20
276,7,15,20
277,8,15,20
278,9,15,20
279,10,15,20
280,11,15,20
281,12,15,20
282,13,15,20
283,14,15,20
284,15,15,20
285,16,15,20
286,17,15,20
287,18,15,20
288,19,15,20
289,20,15,20
290,1,16,21
291,2,16,21
292,3,16,21
293,4,16,21
294,5,16,21
295,6,16,21
296,7,16,21
297,8,16,21
298,9,16,21
299,10,16,21
300,11,16,21
301,12,16,21
302,13,16,21
303,14,16,21
304,15,16,21
305,16,16,21
306,17,16,21
307,18,16,21
308,19,16,21
309,20,16,21
310,1,17,22
311,2,17,22
312,3,17,22
313,4,17,22
314,5,17,22
315,6,17,22
316,7,17,22
317,8,17,22
318,9,17,22
319,10,17,22
320,11,17,22
321,12,17,22
322,13,17,22
323,14,17,22
324,15,17,22
325,16,17,22
326,17,17,22
327,18,17,22
328,19,17,22
329,20,17,22
330,1,18,23
331,2,18,23
332,3,18,23
333,4,18,23
334,5,18,23
335,6,18,23
336,7,18,23
337,8,18,23
338,9,18,23
339,10,18,23
340,11,18,23
341,12,18,23
342,13,18,23
343,14,18,23
344,15,18,23
345,16,18,23
346,17,18,23
347,18,18,23
348,19,18,23
349,20,18,23
